<?xml version="1.0" encoding="UTF-8"?>
<project-private xmlns="http://www.netbeans.org/ns/project-private/1">
    <editor-bookmarks xmlns="http://www.netbeans.org/ns/editor-bookmarks/2" lastBookmarkId="0"/>
    <open-files xmlns="http://www.netbeans.org/ns/projectui-open-files/2">
        <group>
            <file>file:/media/data/Documents/Apps/Google%20Drive/University/2_Computing/1_Quart/PDOO/Practices/P_1/Examen_P1/Napakalaki_Ruby/lib/bad_consequence.rb</file>
            <file>file:/media/data/Documents/Apps/Google%20Drive/University/2_Computing/1_Quart/PDOO/Practices/P_1/Examen_P1/Napakalaki_Ruby/lib/treasure_kind.rb</file>
            <file>file:/media/data/Documents/Apps/Google%20Drive/University/2_Computing/1_Quart/PDOO/Practices/P_1/Examen_P1/Napakalaki_Ruby/lib/prueba_napakalaki.rb</file>
            <file>file:/media/data/Documents/Apps/Google%20Drive/University/2_Computing/1_Quart/PDOO/Practices/P_1/Examen_P1/Napakalaki_Ruby/lib/prize.rb</file>
            <file>file:/media/data/Documents/Apps/Google%20Drive/University/2_Computing/1_Quart/PDOO/Practices/P_1/Examen_P1/Napakalaki_Ruby/lib/monster.rb</file>
        </group>
    </open-files>
</project-private>
