<?xml version="1.0" encoding="UTF-8"?>
<project-private xmlns="http://www.netbeans.org/ns/project-private/1">
    <editor-bookmarks xmlns="http://www.netbeans.org/ns/editor-bookmarks/2" lastBookmarkId="0"/>
    <open-files xmlns="http://www.netbeans.org/ns/projectui-open-files/2">
        <group>
            <file>file:/home/ixjosemi/Escritorio/Napakalaki_Java_P4/src/GUI/BadConsequenceView.java</file>
            <file>file:/home/ixjosemi/Escritorio/Napakalaki_Java_P4/src/GUI/NapakalakiView.java</file>
            <file>file:/home/ixjosemi/Escritorio/Napakalaki_Java_P4/src/napakalaki/TreasureKind.java</file>
            <file>file:/home/ixjosemi/Escritorio/Napakalaki_Java_P4/src/napakalaki/CardDealer.java</file>
            <file>file:/home/ixjosemi/Escritorio/Napakalaki_Java_P4/src/napakalaki/CultistPlayer.java</file>
            <file>file:/home/ixjosemi/Escritorio/Napakalaki_Java_P4/src/GUI/MonsterView.java</file>
            <file>file:/home/ixjosemi/Escritorio/Napakalaki_Java_P4/src/napakalaki/Player.java</file>
            <file>file:/home/ixjosemi/Escritorio/Napakalaki_Java_P4/src/GUI/PlayerView.java</file>
            <file>file:/home/ixjosemi/Escritorio/Napakalaki_Java_P4/src/napakalaki/Napakalaki.java</file>
        </group>
    </open-files>
</project-private>
