<?xml version="1.0" encoding="UTF-8"?>
<project-private xmlns="http://www.netbeans.org/ns/project-private/1">
    <editor-bookmarks xmlns="http://www.netbeans.org/ns/editor-bookmarks/2" lastBookmarkId="1"/>
    <open-files xmlns="http://www.netbeans.org/ns/projectui-open-files/2">
        <group>
            <file>file:/F:/Documents/Apps/MEGASync/2nd_Computing/1st_Quart/PDOO/Practices/P_2/Napakalaki_Java_P2/src/napakalaki/Dice.java</file>
            <file>file:/F:/Documents/Apps/MEGASync/2nd_Computing/1st_Quart/PDOO/Practices/P_2/Napakalaki_Java_P2/src/napakalaki/Player.java</file>
        </group>
    </open-files>
</project-private>
