<?xml version="1.0" encoding="UTF-8"?>
<project-private xmlns="http://www.netbeans.org/ns/project-private/1">
    <editor-bookmarks xmlns="http://www.netbeans.org/ns/editor-bookmarks/2" lastBookmarkId="0"/>
    <open-files xmlns="http://www.netbeans.org/ns/projectui-open-files/2">
        <group>
            <file>file:/F:/Documents/Apps/MEGASync/2nd_Computing/1st_Quart/PDOO/Practices/P_4/Napakalaki_Ruby_P4/lib/EjemploMain.rb</file>
            <file>file:/F:/Documents/Apps/MEGASync/2nd_Computing/1st_Quart/PDOO/Practices/P_4/Napakalaki_Ruby_P4/lib/bad_consequence.rb</file>
            <file>file:/F:/Documents/Apps/MEGASync/2nd_Computing/1st_Quart/PDOO/Practices/P_4/Napakalaki_Ruby_P4/lib/death_bad_consequence.rb</file>
            <file>file:/F:/Documents/Apps/MEGASync/2nd_Computing/1st_Quart/PDOO/Practices/P_4/Napakalaki_Ruby_P4/lib/numeric_bad_consequence.rb</file>
            <file>file:/F:/Documents/Apps/MEGASync/2nd_Computing/1st_Quart/PDOO/Practices/P_4/Napakalaki_Ruby_P4/lib/napakalaki.rb</file>
            <file>file:/F:/Documents/Apps/MEGASync/2nd_Computing/1st_Quart/PDOO/Practices/P_4/Napakalaki_Ruby_P4/lib/player.rb</file>
        </group>
    </open-files>
</project-private>
